;1;2;3;4;5;6;7;8;9;10;11;12;13;14;15;16;17;18;19;20;21;22;23;24;25;26;27;28;29;30;31;32;33;34;35;36;37;38;39;40;41;42;43;44;45;46;47;48;49;50;51;52;53;54;55;56;57;58;59;60;61;62;63;64;65;66;67;68;69;70;71;72;73;74;75;76;77;78;79;80;81;82;83;84;85;86;87;88;89;90;91;92;93;94;95;96;97;98;99;100;101;102;103;104;105;106;107;108;109;110;111;112;113;114;115;116;117;118;119;120;121;122;123;124;125;126;127;128;129;130;131;132;133;134;135;136;137;138;139;140;141;142;143;144;145;146;147;148;149;150;151;152;153;154;155;156;157;158;159;160;161;162;163;164;165;166;167;168;169;170;171;172;173;174;175;176;177;178;179;180;181;182;183;184;185;186;187;188;189;190;191;192;193;194;195;196;197;198;199;200;201;202;203
q-q-0;rx(ParameterExpression);;;;;;;;;;;;;;;;;;;;;;;;;;;;;;;;;;;;;;;;;rz(ParameterExpression);;;;;;;;;;;;;;;;;;;;;;;;;;;;;;;;;;;;;;;;;rx(ParameterExpression);;;;;;;;;;;;;;;;;;;;;;;;;;;;;;;;;;;;;;;;;cx();;;;;;;;;;;;;;;;;;;;;;;;;;;;;;;;cx();;;;;;;;;;;;;;;;cx();;;;;;;;;;;;;;;;cx();;;;;;;;cx();;;;cx();;cx();
q-q-1;;rx(ParameterExpression);;;;;;;;;;;;;;;;;;;;;;;;;;;;;;;;;;;;;;;;;rz(ParameterExpression);;;;;;;;;;;;;;;;;;;;;;;;;;;;;;;;;;;;;;;;;rx(ParameterExpression);;;;;;;;;;;;;;;;;;;;;;;;;;;;;;;;;;;;;;;;cx();;;;;;;;;;;;;;;;measure();;;;;;;;;;;;;;;;;;;;;;;;;;;;;;;;;;;;;;;;;;;;;;;;;;;;;;;;;;;;;;;
q-q-2;;;rx(ParameterExpression);;;;;;;;;;;;;;;;;;;;;;;;;;;;;;;;;;;;;;;;;rz(ParameterExpression);;;;;;;;;;;;;;;;;;;;;;;;;;;;;;;;;;;;;;;;;rx(ParameterExpression);;;;;;;;;;;;;;;;;;;;;;;;;;;;;;;;;;;;;;;;cx();;;;;;;;;;;;;;;;;;;;;;;;;;;;;;;cx();;;;;;;;measure();;;;;;;;;;;;;;;;;;;;;;;;;;;;;;;;;;;;;;;
q-q-3;;;;rx(ParameterExpression);;;;;;;;;;;;;;;;;;;;;;;;;;;;;;;;;;;;;;;;;rz(ParameterExpression);;;;;;;;;;;;;;;;;;;;;;;;;;;;;;;;;;;;;;;;;rx(ParameterExpression);;;;;;;;;;;;;;;;;;;;;;;;;;;;;;;;;;;;;;;cx();;;;;;;;;;;;;;;;measure();;;;;;;;;;;;;;;;;;;;;;;;;;;;;;;;;;;;;;;;;;;;;;;;;;;;;;;;;;;;;;
q-q-4;;;;;rx(ParameterExpression);;;;;;;;;;;;;;;;;;;;;;;;;;;;;;;;;;;;;;;;;rz(ParameterExpression);;;;;;;;;;;;;;;;;;;;;;;;;;;;;;;;;;;;;;;;;rx(ParameterExpression);;;;;;;;;;;;;;;;;;;;;;;;;;;;;;;;;;;;;;;;;;;;;;;;;;;;;;;;;;;;;;;;;;;;;;;;;;;;;;;;;;;;;cx();;;;;;;;measure();;;;;;;;;;;;;;;;;;;;;;;
q-q-5;;;;;;rx(ParameterExpression);;;;;;;;;;;;;;;;;;;;;;;;;;;;;;;;;;;;;;;;;rz(ParameterExpression);;;;;;;;;;;;;;;;;;;;;;;;;;;;;;;;;;;;;;;;;rx(ParameterExpression);;;;;;;;;;;;;;;;;;;;;;;;;;;;;;;;;;;;;;cx();;;;;;;;;;;;;;;;;;;;;;;;;;;;;;;cx();;;;;;;;;;;;;;;;cx();;;;;;;;;;;;;;;cx();;;;measure();;;;;;;;;;;
q-q-6;;;;;;;rx(ParameterExpression);;;;;;;;;;;;;;;;;;;;;;;;;;;;;;;;;;;;;;;;;rz(ParameterExpression);;;;;;;;;;;;;;;;;;;;;;;;;;;;;;;;;;;;;;;;;rx(ParameterExpression);;;;;;;;;;;;;;;;;;;;;;;;;;;;;;;;;;;;;cx();;;;;;;;;;;;;;;;measure();;;;;;;;;;;;;;;;;;;;;;;;;;;;;;;;;;;;;;;;;;;;;;;;;;;;;;;;;;;;;
q-q-7;;;;;;;;rx(ParameterExpression);;;;;;;;;;;;;;;;;;;;;;;;;;;;;;;;;;;;;;;;;rz(ParameterExpression);;;;;;;;;;;;;;;;;;;;;;;;;;;;;;;;;;;;;;;;;rx(ParameterExpression);;;;;;;;;;;;;;;;;;;;;;;;;;;;;;;;;;;;;cx();;;;;;;;;;;;;;;;;;;;;;;;;;;;;;cx();;;;;;;;measure();;;;;;;;;;;;;;;;;;;;;;;;;;;;;;;;;;;;;;
q-q-8;;;;;;;;;rx(ParameterExpression);;;;;;;;;;;;;;;;;;;;;;;;;;;;;;;;;;;;;;;;;rz(ParameterExpression);;;;;;;;;;;;;;;;;;;;;;;;;;;;;;;;;;;;;;;;;rx(ParameterExpression);;;;;;;;;;;;;;;;;;;;;;;;;;;;;;;;;;;;cx();;;;;;;;;;;;;;;;measure();;;;;;;;;;;;;;;;;;;;;;;;;;;;;;;;;;;;;;;;;;;;;;;;;;;;;;;;;;;;
q-q-9;;;;;;;;;;rx(ParameterExpression);;;;;;;;;;;;;;;;;;;;;;;;;;;;;;;;;;;;;;;;;rz(ParameterExpression);;;;;;;;;;;;;;;;;;;;;;;;;;;;;;;;;;;;;;;;;rx(ParameterExpression);;;;;;;;;;;;;;;;;;;;;;;;;;;;;;;;;;;;;;;;;;;;;;;;;;;;;;;;;;;;;;;;;;;;;;;;;;;;;;;;;cx();;;;;;;;measure();;;;;;;;;;;;;;;;;;;;;;
q-q-10;;;;;;;;;;;rx(ParameterExpression);;;;;;;;;;;;;;;;;;;;;;;;;;;;;;;;;;;;;;;;;rz(ParameterExpression);;;;;;;;;;;;;;;;;;;;;;;;;;;;;;;;;;;;;;;;;rx(ParameterExpression);;;;;;;;;;;;;;;;;;;;;;;;;;;;;;;;;;;cx();;;;;;;;;;;;;;;;;;;;;;;;;;;;;;cx();;;;;;;;;;;;;;;;cx();;;;;;;;;;;;;;;cx();;;;;;;cx();;measure();;;;;
q-q-11;;;;;;;;;;;;rx(ParameterExpression);;;;;;;;;;;;;;;;;;;;;;;;;;;;;;;;;;;;;;;;;rz(ParameterExpression);;;;;;;;;;;;;;;;;;;;;;;;;;;;;;;;;;;;;;;;;rx(ParameterExpression);;;;;;;;;;;;;;;;;;;;;;;;;;;;;;;;;;cx();;;;;;;;;;;;;;;;measure();;;;;;;;;;;;;;;;;;;;;;;;;;;;;;;;;;;;;;;;;;;;;;;;;;;;;;;;;;;
q-q-12;;;;;;;;;;;;;rx(ParameterExpression);;;;;;;;;;;;;;;;;;;;;;;;;;;;;;;;;;;;;;;;;rz(ParameterExpression);;;;;;;;;;;;;;;;;;;;;;;;;;;;;;;;;;;;;;;;;rx(ParameterExpression);;;;;;;;;;;;;;;;;;;;;;;;;;;;;;;;;;cx();;;;;;;;;;;;;;;;;;;;;;;;;;;;;cx();;;;;;;;measure();;;;;;;;;;;;;;;;;;;;;;;;;;;;;;;;;;;;;
q-q-13;;;;;;;;;;;;;;rx(ParameterExpression);;;;;;;;;;;;;;;;;;;;;;;;;;;;;;;;;;;;;;;;;rz(ParameterExpression);;;;;;;;;;;;;;;;;;;;;;;;;;;;;;;;;;;;;;;;;rx(ParameterExpression);;;;;;;;;;;;;;;;;;;;;;;;;;;;;;;;;cx();;;;;;;;;;;;;;;;measure();;;;;;;;;;;;;;;;;;;;;;;;;;;;;;;;;;;;;;;;;;;;;;;;;;;;;;;;;;
q-q-14;;;;;;;;;;;;;;;rx(ParameterExpression);;;;;;;;;;;;;;;;;;;;;;;;;;;;;;;;;;;;;;;;;rz(ParameterExpression);;;;;;;;;;;;;;;;;;;;;;;;;;;;;;;;;;;;;;;;;rx(ParameterExpression);;;;;;;;;;;;;;;;;;;;;;;;;;;;;;;;;;;;;;;;;;;;;;;;;;;;;;;;;;;;;;;;;;;;;;;;;;;;;cx();;;;;;;;measure();;;;;;;;;;;;;;;;;;;;;
q-q-15;;;;;;;;;;;;;;;;rx(ParameterExpression);;;;;;;;;;;;;;;;;;;;;;;;;;;;;;;;;;;;;;;;;rz(ParameterExpression);;;;;;;;;;;;;;;;;;;;;;;;;;;;;;;;;;;;;;;;;rx(ParameterExpression);;;;;;;;;;;;;;;;;;;;;;;;;;;;;;;;cx();;;;;;;;;;;;;;;;;;;;;;;;;;;;;cx();;;;;;;;;;;;;;;;cx();;;;;;;;;;;;;;cx();;;;measure();;;;;;;;;;
q-q-16;;;;;;;;;;;;;;;;;rx(ParameterExpression);;;;;;;;;;;;;;;;;;;;;;;;;;;;;;;;;;;;;;;;;rz(ParameterExpression);;;;;;;;;;;;;;;;;;;;;;;;;;;;;;;;;;;;;;;;;rx(ParameterExpression);;;;;;;;;;;;;;;;;;;;;;;;;;;;;;;cx();;;;;;;;;;;;;;;;measure();;;;;;;;;;;;;;;;;;;;;;;;;;;;;;;;;;;;;;;;;;;;;;;;;;;;;;;;;
q-q-17;;;;;;;;;;;;;;;;;;rx(ParameterExpression);;;;;;;;;;;;;;;;;;;;;;;;;;;;;;;;;;;;;;;;;rz(ParameterExpression);;;;;;;;;;;;;;;;;;;;;;;;;;;;;;;;;;;;;;;;;rx(ParameterExpression);;;;;;;;;;;;;;;;;;;;;;;;;;;;;;;cx();;;;;;;;;;;;;;;;;;;;;;;;;;;;cx();;;;;;;;measure();;;;;;;;;;;;;;;;;;;;;;;;;;;;;;;;;;;;
q-q-18;;;;;;;;;;;;;;;;;;;rx(ParameterExpression);;;;;;;;;;;;;;;;;;;;;;;;;;;;;;;;;;;;;;;;;rz(ParameterExpression);;;;;;;;;;;;;;;;;;;;;;;;;;;;;;;;;;;;;;;;;rx(ParameterExpression);;;;;;;;;;;;;;;;;;;;;;;;;;;;;;cx();;;;;;;;;;;;;;;;measure();;;;;;;;;;;;;;;;;;;;;;;;;;;;;;;;;;;;;;;;;;;;;;;;;;;;;;;;
q-q-19;;;;;;;;;;;;;;;;;;;;rx(ParameterExpression);;;;;;;;;;;;;;;;;;;;;;;;;;;;;;;;;;;;;;;;;rz(ParameterExpression);;;;;;;;;;;;;;;;;;;;;;;;;;;;;;;;;;;;;;;;;rx(ParameterExpression);;;;;;;;;;;;;;;;;;;;;;;;;;;;;;;;;;;;;;;;;;;;;;;;;;;;;;;;;;;;;;;;;;;;;;;;;cx();;;;;;;;measure();;;;;;;;;;;;;;;;;;;;
q-q-20;;;;;;;;;;;;;;;;;;;;;rx(ParameterExpression);;;;;;;;;;;;;;;;;;;;;;;;;;;;;;;;;;;;;;;;;rz(ParameterExpression);;;;;;;;;;;;;;;;;;;;;;;;;;;;;;;;;;;;;;;;;rx(ParameterExpression);;;;;;;;;;;;;;;;;;;;;;;;;;;;;cx();;;;;;;;;;;;;;;;;;;;;;;;;;;;cx();;;;;;;;;;;;;;;;cx();;;;;;;;;;;;;;cx();;;;;;;cx();;;cx();measure();;
q-q-21;;;;;;;;;;;;;;;;;;;;;;rx(ParameterExpression);;;;;;;;;;;;;;;;;;;;;;;;;;;;;;;;;;;;;;;;;rz(ParameterExpression);;;;;;;;;;;;;;;;;;;;;;;;;;;;;;;;;;;;;;;;;rx(ParameterExpression);;;;;;;;;;;;;;;;;;;;;;;;;;;;cx();;;;;;;;;;;;;;;;measure();;;;;;;;;;;;;;;;;;;;;;;;;;;;;;;;;;;;;;;;;;;;;;;;;;;;;;;
q-q-22;;;;;;;;;;;;;;;;;;;;;;;rx(ParameterExpression);;;;;;;;;;;;;;;;;;;;;;;;;;;;;;;;;;;;;;;;;rz(ParameterExpression);;;;;;;;;;;;;;;;;;;;;;;;;;;;;;;;;;;;;;;;;rx(ParameterExpression);;;;;;;;;;;;;;;;;;;;;;;;;;;;cx();;;;;;;;;;;;;;;;;;;;;;;;;;;cx();;;;;;;;measure();;;;;;;;;;;;;;;;;;;;;;;;;;;;;;;;;;;
q-q-23;;;;;;;;;;;;;;;;;;;;;;;;rx(ParameterExpression);;;;;;;;;;;;;;;;;;;;;;;;;;;;;;;;;;;;;;;;;rz(ParameterExpression);;;;;;;;;;;;;;;;;;;;;;;;;;;;;;;;;;;;;;;;;rx(ParameterExpression);;;;;;;;;;;;;;;;;;;;;;;;;;;cx();;;;;;;;;;;;;;;;measure();;;;;;;;;;;;;;;;;;;;;;;;;;;;;;;;;;;;;;;;;;;;;;;;;;;;;;
q-q-24;;;;;;;;;;;;;;;;;;;;;;;;;rx(ParameterExpression);;;;;;;;;;;;;;;;;;;;;;;;;;;;;;;;;;;;;;;;;rz(ParameterExpression);;;;;;;;;;;;;;;;;;;;;;;;;;;;;;;;;;;;;;;;;rx(ParameterExpression);;;;;;;;;;;;;;;;;;;;;;;;;;;;;;;;;;;;;;;;;;;;;;;;;;;;;;;;;;;;;;;;;;;;;cx();;;;;;;;measure();;;;;;;;;;;;;;;;;;;
q-q-25;;;;;;;;;;;;;;;;;;;;;;;;;;rx(ParameterExpression);;;;;;;;;;;;;;;;;;;;;;;;;;;;;;;;;;;;;;;;;rz(ParameterExpression);;;;;;;;;;;;;;;;;;;;;;;;;;;;;;;;;;;;;;;;;rx(ParameterExpression);;;;;;;;;;;;;;;;;;;;;;;;;;cx();;;;;;;;;;;;;;;;;;;;;;;;;;;cx();;;;;;;;;;;;;;;;cx();;;;;;;;;;;;;cx();;;;measure();;;;;;;;;
q-q-26;;;;;;;;;;;;;;;;;;;;;;;;;;;rx(ParameterExpression);;;;;;;;;;;;;;;;;;;;;;;;;;;;;;;;;;;;;;;;;rz(ParameterExpression);;;;;;;;;;;;;;;;;;;;;;;;;;;;;;;;;;;;;;;;;rx(ParameterExpression);;;;;;;;;;;;;;;;;;;;;;;;;cx();;;;;;;;;;;;;;;;measure();;;;;;;;;;;;;;;;;;;;;;;;;;;;;;;;;;;;;;;;;;;;;;;;;;;;;
q-q-27;;;;;;;;;;;;;;;;;;;;;;;;;;;;rx(ParameterExpression);;;;;;;;;;;;;;;;;;;;;;;;;;;;;;;;;;;;;;;;;rz(ParameterExpression);;;;;;;;;;;;;;;;;;;;;;;;;;;;;;;;;;;;;;;;;rx(ParameterExpression);;;;;;;;;;;;;;;;;;;;;;;;;cx();;;;;;;;;;;;;;;;;;;;;;;;;;cx();;;;;;;;measure();;;;;;;;;;;;;;;;;;;;;;;;;;;;;;;;;;
q-q-28;;;;;;;;;;;;;;;;;;;;;;;;;;;;;rx(ParameterExpression);;;;;;;;;;;;;;;;;;;;;;;;;;;;;;;;;;;;;;;;;rz(ParameterExpression);;;;;;;;;;;;;;;;;;;;;;;;;;;;;;;;;;;;;;;;;rx(ParameterExpression);;;;;;;;;;;;;;;;;;;;;;;;cx();;;;;;;;;;;;;;;;measure();;;;;;;;;;;;;;;;;;;;;;;;;;;;;;;;;;;;;;;;;;;;;;;;;;;;
q-q-29;;;;;;;;;;;;;;;;;;;;;;;;;;;;;;rx(ParameterExpression);;;;;;;;;;;;;;;;;;;;;;;;;;;;;;;;;;;;;;;;;rz(ParameterExpression);;;;;;;;;;;;;;;;;;;;;;;;;;;;;;;;;;;;;;;;;rx(ParameterExpression);;;;;;;;;;;;;;;;;;;;;;;;;;;;;;;;;;;;;;;;;;;;;;;;;;;;;;;;;;;;;;;;;cx();;;;;;;;measure();;;;;;;;;;;;;;;;;;
q-q-30;;;;;;;;;;;;;;;;;;;;;;;;;;;;;;;rx(ParameterExpression);;;;;;;;;;;;;;;;;;;;;;;;;;;;;;;;;;;;;;;;;rz(ParameterExpression);;;;;;;;;;;;;;;;;;;;;;;;;;;;;;;;;;;;;;;;;rx(ParameterExpression);;;;;;;;;;;;;;;;;;;;;;;cx();;;;;;;;;;;;;;;;;;;;;;;;;;cx();;;;;;;;;;;;;;;;cx();;;;;;;;;;;;;cx();;;;;;cx();;measure();;;;
q-q-31;;;;;;;;;;;;;;;;;;;;;;;;;;;;;;;;rx(ParameterExpression);;;;;;;;;;;;;;;;;;;;;;;;;;;;;;;;;;;;;;;;;rz(ParameterExpression);;;;;;;;;;;;;;;;;;;;;;;;;;;;;;;;;;;;;;;;;rx(ParameterExpression);;;;;;;;;;;;;;;;;;;;;;cx();;;;;;;;;;;;;;;;measure();;;;;;;;;;;;;;;;;;;;;;;;;;;;;;;;;;;;;;;;;;;;;;;;;;;
q-q-32;;;;;;;;;;;;;;;;;;;;;;;;;;;;;;;;;rx(ParameterExpression);;;;;;;;;;;;;;;;;;;;;;;;;;;;;;;;;;;;;;;;;rz(ParameterExpression);;;;;;;;;;;;;;;;;;;;;;;;;;;;;;;;;;;;;;;;;rx(ParameterExpression);;;;;;;;;;;;;;;;;;;;;;cx();;;;;;;;;;;;;;;;;;;;;;;;;cx();;;;;;;;measure();;;;;;;;;;;;;;;;;;;;;;;;;;;;;;;;;
q-q-33;;;;;;;;;;;;;;;;;;;;;;;;;;;;;;;;;;rx(ParameterExpression);;;;;;;;;;;;;;;;;;;;;;;;;;;;;;;;;;;;;;;;;rz(ParameterExpression);;;;;;;;;;;;;;;;;;;;;;;;;;;;;;;;;;;;;;;;;rx(ParameterExpression);;;;;;;;;;;;;;;;;;;;;cx();;;;;;;;;;;;;;;;measure();;;;;;;;;;;;;;;;;;;;;;;;;;;;;;;;;;;;;;;;;;;;;;;;;;
q-q-34;;;;;;;;;;;;;;;;;;;;;;;;;;;;;;;;;;;rx(ParameterExpression);;;;;;;;;;;;;;;;;;;;;;;;;;;;;;;;;;;;;;;;;rz(ParameterExpression);;;;;;;;;;;;;;;;;;;;;;;;;;;;;;;;;;;;;;;;;rx(ParameterExpression);;;;;;;;;;;;;;;;;;;;;;;;;;;;;;;;;;;;;;;;;;;;;;;;;;;;;;;;;;;;;cx();;;;;;;;measure();;;;;;;;;;;;;;;;;
q-q-35;;;;;;;;;;;;;;;;;;;;;;;;;;;;;;;;;;;;rx(ParameterExpression);;;;;;;;;;;;;;;;;;;;;;;;;;;;;;;;;;;;;;;;;rz(ParameterExpression);;;;;;;;;;;;;;;;;;;;;;;;;;;;;;;;;;;;;;;;;rx(ParameterExpression);;;;;;;;;;;;;;;;;;;;cx();;;;;;;;;;;;;;;;;;;;;;;;;cx();;;;;;;;;;;;;;;;cx();;;;;;;;;;;;cx();;;;measure();;;;;;;;
q-q-36;;;;;;;;;;;;;;;;;;;;;;;;;;;;;;;;;;;;;rx(ParameterExpression);;;;;;;;;;;;;;;;;;;;;;;;;;;;;;;;;;;;;;;;;rz(ParameterExpression);;;;;;;;;;;;;;;;;;;;;;;;;;;;;;;;;;;;;;;;;rx(ParameterExpression);;;;;;;;;;;;;;;;;;;cx();;;;;;;;;;;;;;;;measure();;;;;;;;;;;;;;;;;;;;;;;;;;;;;;;;;;;;;;;;;;;;;;;;;
q-q-37;;;;;;;;;;;;;;;;;;;;;;;;;;;;;;;;;;;;;;rx(ParameterExpression);;;;;;;;;;;;;;;;;;;;;;;;;;;;;;;;;;;;;;;;;rz(ParameterExpression);;;;;;;;;;;;;;;;;;;;;;;;;;;;;;;;;;;;;;;;;rx(ParameterExpression);;;;;;;;;;;;;;;;;;;cx();;;;;;;;;;;;;;;;;;;;;;;;cx();;;;;;;;measure();;;;;;;;;;;;;;;;;;;;;;;;;;;;;;;;
q-q-38;;;;;;;;;;;;;;;;;;;;;;;;;;;;;;;;;;;;;;;rx(ParameterExpression);;;;;;;;;;;;;;;;;;;;;;;;;;;;;;;;;;;;;;;;;rz(ParameterExpression);;;;;;;;;;;;;;;;;;;;;;;;;;;;;;;;;;;;;;;;;rx(ParameterExpression);;;;;;;;;;;;;;;;;;cx();;;;;;;;;;;;;;;;measure();;;;;;;;;;;;;;;;;;;;;;;;;;;;;;;;;;;;;;;;;;;;;;;;
q-q-39;;;;;;;;;;;;;;;;;;;;;;;;;;;;;;;;;;;;;;;;rx(ParameterExpression);;;;;;;;;;;;;;;;;;;;;;;;;;;;;;;;;;;;;;;;;rz(ParameterExpression);;;;;;;;;;;;;;;;;;;;;;;;;;;;;;;;;;;;;;;;;rx(ParameterExpression);;;;;;;;;;;;;;;;;;;;;;;;;;;;;;;;;;;;;;;;;;;;;;;;;;;;;;;;;cx();;;;;;;;measure();;;;;;;;;;;;;;;;
q-q-40;;;;;;;;;;;;;;;;;;;;;;;;;;;;;;;;;;;;;;;;;rx(ParameterExpression);;;;;;;;;;;;;;;;;;;;;;;;;;;;;;;;;;;;;;;;;rz(ParameterExpression);;;;;;;;;;;;;;;;;;;;;;;;;;;;;;;;;;;;;;;;;rx(ParameterExpression);;;;;;;;;;;;;;;;;;;;;;;;;;;;;;;;;;;;;;;;;;;;;;;;;;;;;;;;;;;;;;;;;;;;;;;;;;;;;;;cx();measure()
c-c-0;;;;;;;;;;;;;;;;;;;;;;;;;;;;;;;;;;;;;;;;;;;;;;;;;;;;;;;;;;;;;;;;;;;;;;;;;;;;;;;;;;;;;;;;;;;;;;;;;;;;;;;;;;;;;;;;;;;;;;;;;;;;;;;;;;;;;;;;;;;;measure();;;;;;;;;;;;;;;;;;;;;;;;;;;;;;;;;;;;;;;;;;;;;;;;;;;;;;;;;;;;;;;
c-c-1;;;;;;;;;;;;;;;;;;;;;;;;;;;;;;;;;;;;;;;;;;;;;;;;;;;;;;;;;;;;;;;;;;;;;;;;;;;;;;;;;;;;;;;;;;;;;;;;;;;;;;;;;;;;;;;;;;;;;;;;;;;;;;;;;;;;;;;;;;;;;measure();;;;;;;;;;;;;;;;;;;;;;;;;;;;;;;;;;;;;;;;;;;;;;;;;;;;;;;;;;;;;;
c-c-2;;;;;;;;;;;;;;;;;;;;;;;;;;;;;;;;;;;;;;;;;;;;;;;;;;;;;;;;;;;;;;;;;;;;;;;;;;;;;;;;;;;;;;;;;;;;;;;;;;;;;;;;;;;;;;;;;;;;;;;;;;;;;;;;;;;;;;;;;;;;;;;;;;;;;;;;;;;;;;;;;;;;measure();;;;;;;;;;;;;;;;;;;;;;;;;;;;;;;;;;;;;;;
c-c-3;;;;;;;;;;;;;;;;;;;;;;;;;;;;;;;;;;;;;;;;;;;;;;;;;;;;;;;;;;;;;;;;;;;;;;;;;;;;;;;;;;;;;;;;;;;;;;;;;;;;;;;;;;;;;;;;;;;;;;;;;;;;;;;;;;;;;;;;;;;;;;;;;;;;;;;;;;;;;;;;;;;;;;;;;;;;;;;;;;;;measure();;;;;;;;;;;;;;;;;;;;;;;
c-c-4;;;;;;;;;;;;;;;;;;;;;;;;;;;;;;;;;;;;;;;;;;;;;;;;;;;;;;;;;;;;;;;;;;;;;;;;;;;;;;;;;;;;;;;;;;;;;;;;;;;;;;;;;;;;;;;;;;;;;;;;;;;;;;;;;;;;;;;;;;;;;;measure();;;;;;;;;;;;;;;;;;;;;;;;;;;;;;;;;;;;;;;;;;;;;;;;;;;;;;;;;;;;;
c-c-5;;;;;;;;;;;;;;;;;;;;;;;;;;;;;;;;;;;;;;;;;;;;;;;;;;;;;;;;;;;;;;;;;;;;;;;;;;;;;;;;;;;;;;;;;;;;;;;;;;;;;;;;;;;;;;;;;;;;;;;;;;;;;;;;;;;;;;;;;;;;;;;measure();;;;;;;;;;;;;;;;;;;;;;;;;;;;;;;;;;;;;;;;;;;;;;;;;;;;;;;;;;;;
c-c-6;;;;;;;;;;;;;;;;;;;;;;;;;;;;;;;;;;;;;;;;;;;;;;;;;;;;;;;;;;;;;;;;;;;;;;;;;;;;;;;;;;;;;;;;;;;;;;;;;;;;;;;;;;;;;;;;;;;;;;;;;;;;;;;;;;;;;;;;;;;;;;;;;;;;;;;;;;;;;;;;;;;;;measure();;;;;;;;;;;;;;;;;;;;;;;;;;;;;;;;;;;;;;
c-c-7;;;;;;;;;;;;;;;;;;;;;;;;;;;;;;;;;;;;;;;;;;;;;;;;;;;;;;;;;;;;;;;;;;;;;;;;;;;;;;;;;;;;;;;;;;;;;;;;;;;;;;;;;;;;;;;;;;;;;;;;;;;;;;;;;;;;;;;;;;;;;;;;;;;;;;;;;;;;;;;;;;;;;;;;;;;;;;;;;;;;;measure();;;;;;;;;;;;;;;;;;;;;;
c-c-8;;;;;;;;;;;;;;;;;;;;;;;;;;;;;;;;;;;;;;;;;;;;;;;;;;;;;;;;;;;;;;;;;;;;;;;;;;;;;;;;;;;;;;;;;;;;;;;;;;;;;;;;;;;;;;;;;;;;;;;;;;;;;;;;;;;;;;;;;;;;;;;;;;;;;;;;;;;;;;;;;;;;;;;;;;;;;;;;;;;;;;;;;;;;;;;;measure();;;;;;;;;;;
c-c-9;;;;;;;;;;;;;;;;;;;;;;;;;;;;;;;;;;;;;;;;;;;;;;;;;;;;;;;;;;;;;;;;;;;;;;;;;;;;;;;;;;;;;;;;;;;;;;;;;;;;;;;;;;;;;;;;;;;;;;;;;;;;;;;;;;;;;;;;;;;;;;;;measure();;;;;;;;;;;;;;;;;;;;;;;;;;;;;;;;;;;;;;;;;;;;;;;;;;;;;;;;;;;
c-c-10;;;;;;;;;;;;;;;;;;;;;;;;;;;;;;;;;;;;;;;;;;;;;;;;;;;;;;;;;;;;;;;;;;;;;;;;;;;;;;;;;;;;;;;;;;;;;;;;;;;;;;;;;;;;;;;;;;;;;;;;;;;;;;;;;;;;;;;;;;;;;;;;;measure();;;;;;;;;;;;;;;;;;;;;;;;;;;;;;;;;;;;;;;;;;;;;;;;;;;;;;;;;;
c-c-11;;;;;;;;;;;;;;;;;;;;;;;;;;;;;;;;;;;;;;;;;;;;;;;;;;;;;;;;;;;;;;;;;;;;;;;;;;;;;;;;;;;;;;;;;;;;;;;;;;;;;;;;;;;;;;;;;;;;;;;;;;;;;;;;;;;;;;;;;;;;;;;;;;;;;;;;;;;;;;;;;;;;;;measure();;;;;;;;;;;;;;;;;;;;;;;;;;;;;;;;;;;;;
c-c-12;;;;;;;;;;;;;;;;;;;;;;;;;;;;;;;;;;;;;;;;;;;;;;;;;;;;;;;;;;;;;;;;;;;;;;;;;;;;;;;;;;;;;;;;;;;;;;;;;;;;;;;;;;;;;;;;;;;;;;;;;;;;;;;;;;;;;;;;;;;;;;;;;;;;;;;;;;;;;;;;;;;;;;;;;;;;;;;;;;;;;;measure();;;;;;;;;;;;;;;;;;;;;
c-c-13;;;;;;;;;;;;;;;;;;;;;;;;;;;;;;;;;;;;;;;;;;;;;;;;;;;;;;;;;;;;;;;;;;;;;;;;;;;;;;;;;;;;;;;;;;;;;;;;;;;;;;;;;;;;;;;;;;;;;;;;;;;;;;;;;;;;;;;;;;;;;;;;;;measure();;;;;;;;;;;;;;;;;;;;;;;;;;;;;;;;;;;;;;;;;;;;;;;;;;;;;;;;;
c-c-14;;;;;;;;;;;;;;;;;;;;;;;;;;;;;;;;;;;;;;;;;;;;;;;;;;;;;;;;;;;;;;;;;;;;;;;;;;;;;;;;;;;;;;;;;;;;;;;;;;;;;;;;;;;;;;;;;;;;;;;;;;;;;;;;;;;;;;;;;;;;;;;;;;;measure();;;;;;;;;;;;;;;;;;;;;;;;;;;;;;;;;;;;;;;;;;;;;;;;;;;;;;;;
c-c-15;;;;;;;;;;;;;;;;;;;;;;;;;;;;;;;;;;;;;;;;;;;;;;;;;;;;;;;;;;;;;;;;;;;;;;;;;;;;;;;;;;;;;;;;;;;;;;;;;;;;;;;;;;;;;;;;;;;;;;;;;;;;;;;;;;;;;;;;;;;;;;;;;;;;;;;;;;;;;;;;;;;;;;;measure();;;;;;;;;;;;;;;;;;;;;;;;;;;;;;;;;;;;
c-c-16;;;;;;;;;;;;;;;;;;;;;;;;;;;;;;;;;;;;;;;;;;;;;;;;;;;;;;;;;;;;;;;;;;;;;;;;;;;;;;;;;;;;;;;;;;;;;;;;;;;;;;;;;;;;;;;;;;;;;;;;;;;;;;;;;;;;;;;;;;;;;;;;;;;;;;;;;;;;;;;;;;;;;;;;;;;;;;;;;;;;;;;measure();;;;;;;;;;;;;;;;;;;;
c-c-17;;;;;;;;;;;;;;;;;;;;;;;;;;;;;;;;;;;;;;;;;;;;;;;;;;;;;;;;;;;;;;;;;;;;;;;;;;;;;;;;;;;;;;;;;;;;;;;;;;;;;;;;;;;;;;;;;;;;;;;;;;;;;;;;;;;;;;;;;;;;;;;;;;;;;;;;;;;;;;;;;;;;;;;;;;;;;;;;;;;;;;;;;;;;;;;;;measure();;;;;;;;;;
c-c-18;;;;;;;;;;;;;;;;;;;;;;;;;;;;;;;;;;;;;;;;;;;;;;;;;;;;;;;;;;;;;;;;;;;;;;;;;;;;;;;;;;;;;;;;;;;;;;;;;;;;;;;;;;;;;;;;;;;;;;;;;;;;;;;;;;;;;;;;;;;;;;;;;;;;;;;;;;;;;;;;;;;;;;;;;;;;;;;;;;;;;;;;;;;;;;;;;;;;;;measure();;;;;
c-c-19;;;;;;;;;;;;;;;;;;;;;;;;;;;;;;;;;;;;;;;;;;;;;;;;;;;;;;;;;;;;;;;;;;;;;;;;;;;;;;;;;;;;;;;;;;;;;;;;;;;;;;;;;;;;;;;;;;;;;;;;;;;;;;;;;;;;;;;;;;;;;;;;;;;;measure();;;;;;;;;;;;;;;;;;;;;;;;;;;;;;;;;;;;;;;;;;;;;;;;;;;;;;;
c-c-20;;;;;;;;;;;;;;;;;;;;;;;;;;;;;;;;;;;;;;;;;;;;;;;;;;;;;;;;;;;;;;;;;;;;;;;;;;;;;;;;;;;;;;;;;;;;;;;;;;;;;;;;;;;;;;;;;;;;;;;;;;;;;;;;;;;;;;;;;;;;;;;;;;;;;measure();;;;;;;;;;;;;;;;;;;;;;;;;;;;;;;;;;;;;;;;;;;;;;;;;;;;;;
c-c-21;;;;;;;;;;;;;;;;;;;;;;;;;;;;;;;;;;;;;;;;;;;;;;;;;;;;;;;;;;;;;;;;;;;;;;;;;;;;;;;;;;;;;;;;;;;;;;;;;;;;;;;;;;;;;;;;;;;;;;;;;;;;;;;;;;;;;;;;;;;;;;;;;;;;;;;;;;;;;;;;;;;;;;;;measure();;;;;;;;;;;;;;;;;;;;;;;;;;;;;;;;;;;
c-c-22;;;;;;;;;;;;;;;;;;;;;;;;;;;;;;;;;;;;;;;;;;;;;;;;;;;;;;;;;;;;;;;;;;;;;;;;;;;;;;;;;;;;;;;;;;;;;;;;;;;;;;;;;;;;;;;;;;;;;;;;;;;;;;;;;;;;;;;;;;;;;;;;;;;;;;;;;;;;;;;;;;;;;;;;;;;;;;;;;;;;;;;;measure();;;;;;;;;;;;;;;;;;;
c-c-23;;;;;;;;;;;;;;;;;;;;;;;;;;;;;;;;;;;;;;;;;;;;;;;;;;;;;;;;;;;;;;;;;;;;;;;;;;;;;;;;;;;;;;;;;;;;;;;;;;;;;;;;;;;;;;;;;;;;;;;;;;;;;;;;;;;;;;;;;;;;;;;;;;;;;;measure();;;;;;;;;;;;;;;;;;;;;;;;;;;;;;;;;;;;;;;;;;;;;;;;;;;;;
c-c-24;;;;;;;;;;;;;;;;;;;;;;;;;;;;;;;;;;;;;;;;;;;;;;;;;;;;;;;;;;;;;;;;;;;;;;;;;;;;;;;;;;;;;;;;;;;;;;;;;;;;;;;;;;;;;;;;;;;;;;;;;;;;;;;;;;;;;;;;;;;;;;;;;;;;;;;measure();;;;;;;;;;;;;;;;;;;;;;;;;;;;;;;;;;;;;;;;;;;;;;;;;;;;
c-c-25;;;;;;;;;;;;;;;;;;;;;;;;;;;;;;;;;;;;;;;;;;;;;;;;;;;;;;;;;;;;;;;;;;;;;;;;;;;;;;;;;;;;;;;;;;;;;;;;;;;;;;;;;;;;;;;;;;;;;;;;;;;;;;;;;;;;;;;;;;;;;;;;;;;;;;;;;;;;;;;;;;;;;;;;;measure();;;;;;;;;;;;;;;;;;;;;;;;;;;;;;;;;;
c-c-26;;;;;;;;;;;;;;;;;;;;;;;;;;;;;;;;;;;;;;;;;;;;;;;;;;;;;;;;;;;;;;;;;;;;;;;;;;;;;;;;;;;;;;;;;;;;;;;;;;;;;;;;;;;;;;;;;;;;;;;;;;;;;;;;;;;;;;;;;;;;;;;;;;;;;;;;;;;;;;;;;;;;;;;;;;;;;;;;;;;;;;;;;measure();;;;;;;;;;;;;;;;;;
c-c-27;;;;;;;;;;;;;;;;;;;;;;;;;;;;;;;;;;;;;;;;;;;;;;;;;;;;;;;;;;;;;;;;;;;;;;;;;;;;;;;;;;;;;;;;;;;;;;;;;;;;;;;;;;;;;;;;;;;;;;;;;;;;;;;;;;;;;;;;;;;;;;;;;;;;;;;;;;;;;;;;;;;;;;;;;;;;;;;;;;;;;;;;;;;;;;;;;;measure();;;;;;;;;
c-c-28;;;;;;;;;;;;;;;;;;;;;;;;;;;;;;;;;;;;;;;;;;;;;;;;;;;;;;;;;;;;;;;;;;;;;;;;;;;;;;;;;;;;;;;;;;;;;;;;;;;;;;;;;;;;;;;;;;;;;;;;;;;;;;;;;;;;;;;;;;;;;;;;;;;;;;;;measure();;;;;;;;;;;;;;;;;;;;;;;;;;;;;;;;;;;;;;;;;;;;;;;;;;;
c-c-29;;;;;;;;;;;;;;;;;;;;;;;;;;;;;;;;;;;;;;;;;;;;;;;;;;;;;;;;;;;;;;;;;;;;;;;;;;;;;;;;;;;;;;;;;;;;;;;;;;;;;;;;;;;;;;;;;;;;;;;;;;;;;;;;;;;;;;;;;;;;;;;;;;;;;;;;;measure();;;;;;;;;;;;;;;;;;;;;;;;;;;;;;;;;;;;;;;;;;;;;;;;;;
c-c-30;;;;;;;;;;;;;;;;;;;;;;;;;;;;;;;;;;;;;;;;;;;;;;;;;;;;;;;;;;;;;;;;;;;;;;;;;;;;;;;;;;;;;;;;;;;;;;;;;;;;;;;;;;;;;;;;;;;;;;;;;;;;;;;;;;;;;;;;;;;;;;;;;;;;;;;;;;;;;;;;;;;;;;;;;;measure();;;;;;;;;;;;;;;;;;;;;;;;;;;;;;;;;
c-c-31;;;;;;;;;;;;;;;;;;;;;;;;;;;;;;;;;;;;;;;;;;;;;;;;;;;;;;;;;;;;;;;;;;;;;;;;;;;;;;;;;;;;;;;;;;;;;;;;;;;;;;;;;;;;;;;;;;;;;;;;;;;;;;;;;;;;;;;;;;;;;;;;;;;;;;;;;;;;;;;;;;;;;;;;;;;;;;;;;;;;;;;;;;measure();;;;;;;;;;;;;;;;;
c-c-32;;;;;;;;;;;;;;;;;;;;;;;;;;;;;;;;;;;;;;;;;;;;;;;;;;;;;;;;;;;;;;;;;;;;;;;;;;;;;;;;;;;;;;;;;;;;;;;;;;;;;;;;;;;;;;;;;;;;;;;;;;;;;;;;;;;;;;;;;;;;;;;;;;;;;;;;;;measure();;;;;;;;;;;;;;;;;;;;;;;;;;;;;;;;;;;;;;;;;;;;;;;;;
c-c-33;;;;;;;;;;;;;;;;;;;;;;;;;;;;;;;;;;;;;;;;;;;;;;;;;;;;;;;;;;;;;;;;;;;;;;;;;;;;;;;;;;;;;;;;;;;;;;;;;;;;;;;;;;;;;;;;;;;;;;;;;;;;;;;;;;;;;;;;;;;;;;;;;;;;;;;;;;;measure();;;;;;;;;;;;;;;;;;;;;;;;;;;;;;;;;;;;;;;;;;;;;;;;
c-c-34;;;;;;;;;;;;;;;;;;;;;;;;;;;;;;;;;;;;;;;;;;;;;;;;;;;;;;;;;;;;;;;;;;;;;;;;;;;;;;;;;;;;;;;;;;;;;;;;;;;;;;;;;;;;;;;;;;;;;;;;;;;;;;;;;;;;;;;;;;;;;;;;;;;;;;;;;;;;;;;;;;;;;;;;;;;measure();;;;;;;;;;;;;;;;;;;;;;;;;;;;;;;;
c-c-35;;;;;;;;;;;;;;;;;;;;;;;;;;;;;;;;;;;;;;;;;;;;;;;;;;;;;;;;;;;;;;;;;;;;;;;;;;;;;;;;;;;;;;;;;;;;;;;;;;;;;;;;;;;;;;;;;;;;;;;;;;;;;;;;;;;;;;;;;;;;;;;;;;;;;;;;;;;;;;;;;;;;;;;;;;;;;;;;;;;;;;;;;;;measure();;;;;;;;;;;;;;;;
c-c-36;;;;;;;;;;;;;;;;;;;;;;;;;;;;;;;;;;;;;;;;;;;;;;;;;;;;;;;;;;;;;;;;;;;;;;;;;;;;;;;;;;;;;;;;;;;;;;;;;;;;;;;;;;;;;;;;;;;;;;;;;;;;;;;;;;;;;;;;;;;;;;;;;;;;;;;;;;;;;;;;;;;;;;;;;;;;;;;;;;;;;;;;;;;;;;;;;;;measure();;;;;;;;
c-c-37;;;;;;;;;;;;;;;;;;;;;;;;;;;;;;;;;;;;;;;;;;;;;;;;;;;;;;;;;;;;;;;;;;;;;;;;;;;;;;;;;;;;;;;;;;;;;;;;;;;;;;;;;;;;;;;;;;;;;;;;;;;;;;;;;;;;;;;;;;;;;;;;;;;;;;;;;;;;;;;;;;;;;;;;;;;;;;;;;;;;;;;;;;;;;;;;;;;;;;;measure();;;;
c-c-38;;;;;;;;;;;;;;;;;;;;;;;;;;;;;;;;;;;;;;;;;;;;;;;;;;;;;;;;;;;;;;;;;;;;;;;;;;;;;;;;;;;;;;;;;;;;;;;;;;;;;;;;;;;;;;;;;;;;;;;;;;;;;;;;;;;;;;;;;;;;;;;;;;;;;;;;;;;;;;;;;;;;;;;;;;;;;;;;;;;;;;;;;;;;;;;;;;;;;;;;;measure();;
c-c-39;;;;;;;;;;;;;;;;;;;;;;;;;;;;;;;;;;;;;;;;;;;;;;;;;;;;;;;;;;;;;;;;;;;;;;;;;;;;;;;;;;;;;;;;;;;;;;;;;;;;;;;;;;;;;;;;;;;;;;;;;;;;;;;;;;;;;;;;;;;;;;;;;;;;;;;;;;;;;;;;;;;;;;;;;;;;;;;;;;;;;;;;;;;;;;;;;;;;;;;;;;;measure()
